Semestre,Curso,Carné,Prioridad,Cursado,Levantamiento,Año Carné
I Semestre,SE1100-Actividad cultural I,2024ZTZ068,Media,No,,2024
I Semestre,SE1100-Actividad cultural I,2026NAA355,Alta,No,,2026
I Semestre,SE1100-Actividad cultural I,2026RQJ379,Alta,No,,2026
I Semestre,SE1100-Actividad cultural I,2024EXU993,Alta,No,,2024
I Semestre,SE1100-Actividad cultural I,2026JIZ235,Baja,No,,2026
I Semestre,SE1100-Actividad cultural I,2024CKT471,Alta,No,,2024
I Semestre,SE1100-Actividad cultural I,2026EZE215,Media,No,,2026
I Semestre,SE1100-Actividad cultural I,2026JJN162,Alta,No,,2026
I Semestre,SE1100-Actividad cultural I,2026IYL247,Baja,No,,2026
I Semestre,SE1100-Actividad cultural I,2022JVP013,Alta,No,,2022
I Semestre,SE1200-Actividad deportiva I,2026OGV778,Baja,No,,2026
I Semestre,SE1200-Actividad deportiva I,2025QVQ277,Alta,No,,2025
I Semestre,SE1200-Actividad deportiva I,2025WBM807,Alta,No,,2025
I Semestre,SE1200-Actividad deportiva I,2023AHO911,Alta,No,,2023
I Semestre,SE1200-Actividad deportiva I,2026JIZ235,Baja,No,,2026
I Semestre,SE1200-Actividad deportiva I,2023YYF968,Alta,No,,2023
I Semestre,SE1200-Actividad deportiva I,2024CKT471,Alta,No,,2024
I Semestre,SE1200-Actividad deportiva I,2026EZE215,Media,No,,2026
I Semestre,SE1200-Actividad deportiva I,2026AWS287,Alta,No,,2026
I Semestre,SE1200-Actividad deportiva I,2026QNP290,Media,No,,2026
I Semestre,SE1200-Actividad deportiva I,2023JMF997,Alta,No,,2023
I Semestre,SE1200-Actividad deportiva I,2025UEU229,Alta,No,,2025
I Semestre,SE1200-Actividad deportiva I,2026OTT089,Media,No,,2026
I Semestre,SE1200-Actividad deportiva I,2022JVP013,Alta,No,,2022
I Semestre,SE1200-Actividad deportiva I,2025SHG160,Alta,No,,2025
I Semestre,CI1106-Comunicación escrita,2026KDS429,Alta,No,,2026
I Semestre,CI1106-Comunicación escrita,2025BFA391,Alta,No,,2025
I Semestre,CI1106-Comunicación escrita,2022JVP013,Alta,No,,2022
I Semestre,CI1230-Inglés I,2025VNW098,Alta,No,,2025
I Semestre,CI1230-Inglés I,2026FUA045,Alta,No,,2026
I Semestre,QU1102-Laboratorio de química básica I,2026JJN162,Alta,No,,2026
I Semestre,QU1102-Laboratorio de química básica I,2026IYL247,Alta,No,,2026
II Semestre,CI1107-Comunicación oral,2025MIL462,Media,No,,2025
II Semestre,CI1107-Comunicación oral,2024PGF277,Alta,No,,2024
II Semestre,CI1107-Comunicación oral,2022LSV602,Alta,No,,2022
II Semestre,CI1107-Comunicación oral,2023LGT158,Alta,No,,2023
II Semestre,CI1107-Comunicación oral,2026OGV778,Media,No,,2026
II Semestre,CI1107-Comunicación oral,2026KFY594,Baja,No,,2026
II Semestre,CI1107-Comunicación oral,2025WBM807,Alta,No,,2025
II Semestre,CI1107-Comunicación oral,2026NAA355,Alta,No,,2026
II Semestre,CI1107-Comunicación oral,2026JIZ235,Media,No,,2026
II Semestre,CI1107-Comunicación oral,2026SGP141,Media,No,,2026
II Semestre,CI1107-Comunicación oral,2023YYF968,Alta,No,,2023
II Semestre,CI1107-Comunicación oral,2024CKT471,Alta,No,,2024
II Semestre,CI1107-Comunicación oral,2026EZE215,Alta,No,,2026
II Semestre,CI1107-Comunicación oral,2026TVB091,Alta,No,,2026
II Semestre,CI1107-Comunicación oral,2026AWS287,Baja,No,,2026
II Semestre,CI1107-Comunicación oral,2026TYE555,Media,No,,2026
II Semestre,CI1107-Comunicación oral,2026SHH912,Alta,No,,2026
II Semestre,CI1107-Comunicación oral,2026JTL806,Alta,No,,2026
II Semestre,CI1107-Comunicación oral,2026QNP290,Alta,No,,2026
II Semestre,CI1107-Comunicación oral,2026JOQ461,Alta,No,,2026
II Semestre,CI1107-Comunicación oral,2026VAV530,Media,No,,2026
II Semestre,CI1107-Comunicación oral,2026FUA045,Alta,No,,2026
II Semestre,CI1107-Comunicación oral,2026OTT089,Media,No,,2026
II Semestre,CI1107-Comunicación oral,2022JVP013,Alta,No,,2022
II Semestre,CI1107-Comunicación oral,2026HHU010,Alta,No,,2026
II Semestre,CI1231-Inglés II,2024PXD473,Alta,No,,2024
II Semestre,CI1231-Inglés II,2026KFY594,Media,No,,2026
II Semestre,CI1231-Inglés II,2025QVQ277,Alta,No,,2025
II Semestre,CI1231-Inglés II,2026JIZ235,Alta,No,,2026
II Semestre,CI1231-Inglés II,2023YYF968,Alta,No,,2023
II Semestre,CI1231-Inglés II,2026EZE215,Alta,No,,2026
II Semestre,CI1231-Inglés II,2026TVB091,Alta,No,,2026
II Semestre,CI1231-Inglés II,2026AWS287,Alta,No,,2026
II Semestre,CI1231-Inglés II,2026SHH912,Alta,No,,2026
II Semestre,CI1231-Inglés II,2026JTL806,Alta,No,,2026
II Semestre,CI1231-Inglés II,2023JMF997,Alta,No,,2023
II Semestre,CI1231-Inglés II,2021JIG868,Alta,No,,2021
II Semestre,CI1231-Inglés II,2026VAV530,Media,No,,2026
II Semestre,CS2101-Ambiente humano,2024PXD473,Alta,No,,2024
II Semestre,CS2101-Ambiente humano,2025MIL462,Alta,No,,2025
II Semestre,CS2101-Ambiente humano,2024PGF277,Alta,No,,2024
II Semestre,CS2101-Ambiente humano,2023LGT158,Alta,No,,2023
II Semestre,CS2101-Ambiente humano,2026OGV778,Media,No,,2026
II Semestre,CS2101-Ambiente humano,2026KFY594,Baja,No,,2026
II Semestre,CS2101-Ambiente humano,2023YIC977,Alta,No,,2023
II Semestre,CS2101-Ambiente humano,2026NAA355,Media,No,,2026
II Semestre,CS2101-Ambiente humano,2026JIZ235,Media,No,,2026
II Semestre,CS2101-Ambiente humano,2025QGP122,Alta,No,,2025
II Semestre,CS2101-Ambiente humano,2024CKT471,Media,No,,2024
II Semestre,CS2101-Ambiente humano,2026EZE215,Alta,No,,2026
II Semestre,CS2101-Ambiente humano,2025WIY452,Alta,No,,2025
II Semestre,CS2101-Ambiente humano,2026AWS287,Alta,No,,2026
II Semestre,CS2101-Ambiente humano,2026SHH912,Alta,No,,2026
II Semestre,CS2101-Ambiente humano,2026JTL806,Alta,No,,2026
II Semestre,CS2101-Ambiente humano,2025VNW098,Alta,No,,2025
II Semestre,CS2101-Ambiente humano,2026JOQ461,Alta,No,,2026
II Semestre,CS2101-Ambiente humano,2026VAV530,Media,No,,2026
II Semestre,CS2101-Ambiente humano,2026FUA045,Alta,No,,2026
II Semestre,CS2101-Ambiente humano,2022JVP013,Alta,No,,2022
II Semestre,CS2101-Ambiente humano,2026HHU010,Alta,No,,2026
II Semestre,CS2101-Ambiente humano,2026KYP462,Baja,No,,2026
II Semestre,CS2101-Ambiente humano,2026SGP141,,No,Sí,2026
II Semestre,CS2101-Ambiente humano,2026QNP290,,No,Sí,2026
II Semestre,QU1107-Química básica II,2026NAA355,Alta,No,,2026
II Semestre,QU1107-Química básica II,2026RQJ379,Alta,No,,2026
II Semestre,QU1107-Química básica II,2026SGP141,Alta,No,,2026
II Semestre,QU1107-Química básica II,2026SHH912,Alta,No,,2026
II Semestre,QU1107-Química básica II,2026OTT089,Alta,No,,2026
II Semestre,QU1107-Química básica II,2026KYP462,Media,No,,2026
II Semestre,FH1000-Centros de formación humanística,2026KFY594,Baja,No,,2026
II Semestre,FH1000-Centros de formación humanística,2023YIC977,Alta,No,,2023
II Semestre,FH1000-Centros de formación humanística,2026NAA355,Baja,No,,2026
II Semestre,FH1000-Centros de formación humanística,2026JIZ235,Baja,No,,2026
II Semestre,FH1000-Centros de formación humanística,2023YYF968,Alta,No,,2023
II Semestre,FH1000-Centros de formación humanística,2024CKT471,Alta,No,,2024
II Semestre,FH1000-Centros de formación humanística,2026EZE215,Baja,No,,2026
II Semestre,FH1000-Centros de formación humanística,2025WIY452,Alta,No,,2025
II Semestre,FH1000-Centros de formación humanística,2026SHH912,Alta,No,,2026
II Semestre,FH1000-Centros de formación humanística,2026JTL806,Alta,No,,2026
II Semestre,FH1000-Centros de formación humanística,2026QNP290,Alta,No,,2026
II Semestre,FH1000-Centros de formación humanística,2026JOQ461,Alta,No,,2026
II Semestre,FH1000-Centros de formación humanística,2026VAV530,Media,No,,2026
II Semestre,FH1000-Centros de formación humanística,2026OTT089,Baja,No,,2026
II Semestre,FH1000-Centros de formación humanística,2026HHU010,Alta,No,,2026
II Semestre,FH1000-Centros de formación humanística,2026KYP462,Baja,No,,2026
II Semestre,FH1000-Centros de formación humanística,2020HBY580,Alta,No,,2020
II Semestre,FI1101-Física general I,2026OGV778,Alta,No,,2026
II Semestre,FI1101-Física general I,2026KFY594,Alta,No,,2026
II Semestre,FI1101-Física general I,2026JIZ235,Alta,No,,2026
II Semestre,FI1101-Física general I,2026SGP141,Alta,No,,2026
II Semestre,FI1101-Física general I,2025WIY452,Alta,No,,2025
II Semestre,FI1101-Física general I,2026TVB091,Alta,No,,2026
II Semestre,FI1101-Física general I,2026JTL806,Alta,No,,2026
II Semestre,FI1101-Física general I,2026QNP290,Alta,No,,2026
II Semestre,FI1101-Física general I,2026IYL247,Alta,No,,2026
II Semestre,FI1101-Física general I,2026VAV530,Alta,No,,2026
II Semestre,FI1101-Física general I,2026FUA045,Alta,No,,2026
II Semestre,FI1101-Física general I,2026OTT089,Alta,No,,2026
II Semestre,FI1101-Física general I,2026HHU010,Alta,No,,2026
II Semestre,FI1201-Laboratorio física general I,2024PXD473,Alta,No,,2024
II Semestre,FI1201-Laboratorio física general I,2026OGV778,Alta,No,,2026
II Semestre,FI1201-Laboratorio física general I,2026KFY594,Alta,No,,2026
II Semestre,FI1201-Laboratorio física general I,2026JIZ235,Alta,No,,2026
II Semestre,FI1201-Laboratorio física general I,2026SGP141,Alta,No,,2026
II Semestre,FI1201-Laboratorio física general I,2025WIY452,Alta,No,,2025
II Semestre,FI1201-Laboratorio física general I,2026TVB091,Alta,No,,2026
II Semestre,FI1201-Laboratorio física general I,2026SHH912,Alta,No,,2026
II Semestre,FI1201-Laboratorio física general I,2026JTL806,Alta,No,,2026
II Semestre,FI1201-Laboratorio física general I,2026QNP290,Alta,No,,2026
II Semestre,FI1201-Laboratorio física general I,2026IYL247,Alta,No,,2026
II Semestre,FI1201-Laboratorio física general I,2026VAV530,Alta,No,,2026
II Semestre,FI1201-Laboratorio física general I,2026FUA045,Alta,No,,2026
II Semestre,FI1201-Laboratorio física general I,2026OTT089,Alta,No,,2026
II Semestre,FI1201-Laboratorio física general I,2026HHU010,Alta,No,,2026
II Semestre,FI1201-Laboratorio física general I,2026KYP462,Alta,No,,2026
II Semestre,QU1104-Laboratorio de química básica II,2026OGV778,Media,No,,2026
II Semestre,QU1104-Laboratorio de química básica II,2026KFY594,Alta,No,,2026
II Semestre,QU1104-Laboratorio de química básica II,2025WBM807,Alta,No,,2025
II Semestre,QU1104-Laboratorio de química básica II,2026JIZ235,Alta,No,,2026
II Semestre,QU1104-Laboratorio de química básica II,2026EZE215,Alta,No,,2026
II Semestre,QU1104-Laboratorio de química básica II,2026TVB091,Alta,No,,2026
II Semestre,QU1104-Laboratorio de química básica II,2026JTL806,Alta,No,,2026
II Semestre,QU1104-Laboratorio de química básica II,2026VAV530,Alta,No,,2026
II Semestre,QU1104-Laboratorio de química básica II,2026FUA045,Alta,No,,2026
II Semestre,QU1104-Laboratorio de química básica II,2026HHU010,Alta,No,,2026
II Semestre,MA1102-Cálculo diferencial e integral,2026OGV778,Alta,No,,2026
II Semestre,MA1102-Cálculo diferencial e integral,2026JIZ235,Alta,No,,2026
II Semestre,MA1102-Cálculo diferencial e integral,2026VAV530,Alta,No,,2026
II Semestre,MA1102-Cálculo diferencial e integral,2026KYP462,Alta,No,,2026
III Semestre,CA2125-Elementos de computación,2025RJL494,Alta,No,,2025
III Semestre,CA2125-Elementos de computación,2025WBM807,Alta,No,,2025
III Semestre,CA2125-Elementos de computación,2026RQJ379,Media,No,,2026
III Semestre,CA2125-Elementos de computación,2025WIY452,Alta,No,,2025
III Semestre,CA2125-Elementos de computación,2026YTQ949,Alta,No,,2026
III Semestre,CA2125-Elementos de computación,2026AWS287,Media,No,,2026
III Semestre,CA2125-Elementos de computación,2026QNP290,Alta,No,,2026
III Semestre,CA2125-Elementos de computación,2026JOQ461,Alta,No,,2026
III Semestre,SE1400-Actividad cultural-deportiva,2024XRJ977,Alta,No,,2024
III Semestre,SE1400-Actividad cultural-deportiva,2022LSV602,Alta,No,,2022
III Semestre,SE1400-Actividad cultural-deportiva,2022KSM092,Baja,No,,2022
III Semestre,SE1400-Actividad cultural-deportiva,2025WDB114,Baja,No,,2025
III Semestre,SE1400-Actividad cultural-deportiva,2024EXU993,Alta,No,,2024
III Semestre,SE1400-Actividad cultural-deportiva,2025QGP122,Alta,No,,2025
III Semestre,SE1400-Actividad cultural-deportiva,2023YYF968,Alta,No,,2023
III Semestre,SE1400-Actividad cultural-deportiva,2024AGB566,Alta,No,,2024
III Semestre,SE1400-Actividad cultural-deportiva,2025FEU413,Alta,No,,2025
III Semestre,SE1400-Actividad cultural-deportiva,2024DSR789,Alta,No,,2024
III Semestre,SE1400-Actividad cultural-deportiva,2022KNP380,Alta,No,,2022
III Semestre,SE1400-Actividad cultural-deportiva,2023HWO942,Media,No,,2023
III Semestre,SE1400-Actividad cultural-deportiva,2023JMF997,Alta,No,,2023
III Semestre,SE1400-Actividad cultural-deportiva,2024GLF465,Media,No,,2024
III Semestre,SE1400-Actividad cultural-deportiva,2026JOQ461,Alta,No,,2026
III Semestre,SE1400-Actividad cultural-deportiva,2024CDX201,Alta,No,,2024
III Semestre,SE1400-Actividad cultural-deportiva,2025BFA391,Alta,No,,2025
III Semestre,SE1400-Actividad cultural-deportiva,2022HVT937,Alta,No,,2022
III Semestre,SE1400-Actividad cultural-deportiva,2024OMU717,Alta,No,,2024
III Semestre,SE1400-Actividad cultural-deportiva,2023HCH884,Alta,No,,2023
III Semestre,SE1400-Actividad cultural-deportiva,2020HBY580,Alta,No,,2020
III Semestre,SE1400-Actividad cultural-deportiva,2025SHG160,Alta,No,,2025
III Semestre,FI1202-Laboratorio física general II,2025MIL462,Alta,No,,2025
III Semestre,FI1202-Laboratorio física general II,2025RJL494,Alta,No,,2025
III Semestre,FI1202-Laboratorio física general II,2025WBM807,Alta,No,,2025
III Semestre,FI1202-Laboratorio física general II,2023YIC977,Alta,No,,2023
III Semestre,FI1202-Laboratorio física general II,2025QGP122,Alta,No,,2025
III Semestre,FI1202-Laboratorio física general II,2026EZE215,Alta,No,,2026
III Semestre,FI1202-Laboratorio física general II,2025JWN021,Alta,No,,2025
III Semestre,FI1202-Laboratorio física general II,2026YTQ949,Alta,No,,2026
III Semestre,FI1202-Laboratorio física general II,2025VNW098,Alta,No,,2025
III Semestre,FI1202-Laboratorio física general II,2025SHG160,Alta,No,,2025
III Semestre,FI1202-Laboratorio física general II,2024PXD473,,No,Sí,2024
III Semestre,FI1102-Física general II,2023LGT158,Alta,No,,2023
III Semestre,FI1102-Física general II,2023DXJ537,Alta,No,,2023
III Semestre,FI1102-Física general II,2025QGP122,Alta,No,,2025
III Semestre,FI1102-Física general II,2026EZE215,Alta,No,,2026
III Semestre,FI1102-Física general II,2025WIY452,Alta,No,,2025
III Semestre,FI1102-Física general II,2025JWN021,Alta,No,,2025
III Semestre,FI1102-Física general II,2026YTQ949,Alta,No,,2026
III Semestre,FI1102-Física general II,2024VDW555,Alta,No,,2024
III Semestre,FI1102-Física general II,2025VNW098,Alta,No,,2025
III Semestre,FI1102-Física general II,2025SHG160,Alta,No,,2025
III Semestre,FI1102-Física general II,2024PXD473,,No,Sí,2024
III Semestre,MA1103-Cálculo y álgebra lineal,2025WBM807,Alta,No,,2025
III Semestre,MA1103-Cálculo y álgebra lineal,2026NAA355,Alta,No,,2026
III Semestre,MA1103-Cálculo y álgebra lineal,2025FBZ151,Media,No,,2025
III Semestre,MA1103-Cálculo y álgebra lineal,2025WIY452,Alta,No,,2025
III Semestre,MA1103-Cálculo y álgebra lineal,2025JWN021,Alta,No,,2025
III Semestre,MA1103-Cálculo y álgebra lineal,2024PXD473,,No,Sí,2024
III Semestre,MI2101-Dibujo técnico,2024PXD473,Alta,No,,2024
III Semestre,MI2101-Dibujo técnico,2019FLV107,Alta,No,,2019
III Semestre,MI2101-Dibujo técnico,2026NAA355,Alta,No,,2026
III Semestre,MI2101-Dibujo técnico,2026RQJ379,Alta,No,,2026
III Semestre,MI2101-Dibujo técnico,2024EXU993,Alta,No,,2024
III Semestre,MI2101-Dibujo técnico,2025WIY452,Media,No,,2025
III Semestre,MI2101-Dibujo técnico,2025JWN021,Media,No,,2025
III Semestre,MI2101-Dibujo técnico,2026QNP290,Alta,No,,2026
III Semestre,MI2101-Dibujo técnico,2024RNP316,Alta,No,,2024
III Semestre,MI2101-Dibujo técnico,2025MUG789,Alta,No,,2025
III Semestre,MI2101-Dibujo técnico,2026FUA045,Alta,No,,2026
III Semestre,MI2101-Dibujo técnico,2025UEU229,Alta,No,,2025
III Semestre,MI2101-Dibujo técnico,2026OTT089,Baja,No,,2026
III Semestre,MI2101-Dibujo técnico,2023HLO894,Alta,No,,2023
III Semestre,MI2101-Dibujo técnico,2024ATQ298,Alta,No,,2024
III Semestre,MI2106-Estática,2024IAJ257,Alta,No,,2024
III Semestre,MI2106-Estática,2025MIL462,Alta,No,,2025
III Semestre,MI2106-Estática,2025RSB937,Alta,No,,2025
III Semestre,MI2106-Estática,2025RJL494,Alta,No,,2025
III Semestre,MI2106-Estática,2026EIG968,Alta,No,,2026
III Semestre,MI2106-Estática,2025WBM807,Alta,No,,2025
III Semestre,MI2106-Estática,2025QGP122,Alta,No,,2025
III Semestre,MI2106-Estática,2025WIY452,Alta,No,,2025
III Semestre,MI2106-Estática,2024GLF465,Alta,No,,2024
III Semestre,MI2106-Estática,2025BTX267,Alta,No,,2025
III Semestre,MI2106-Estática,2025SHG160,Alta,No,,2025
IV Semestre,MA2105-Ecuaciones diferenciales,2023TTF069,Alta,No,,2023
IV Semestre,MA2105-Ecuaciones diferenciales,2025MIL462,Alta,No,,2025
IV Semestre,MA2105-Ecuaciones diferenciales,2024XRJ977,Alta,No,,2024
IV Semestre,MA2105-Ecuaciones diferenciales,2025RSB937,Alta,No,,2025
IV Semestre,MA2105-Ecuaciones diferenciales,2023LGT158,Alta,No,,2023
IV Semestre,MA2105-Ecuaciones diferenciales,2026EIG968,Alta,No,,2026
IV Semestre,MA2105-Ecuaciones diferenciales,2023DXJ537,Alta,No,,2023
IV Semestre,MA2105-Ecuaciones diferenciales,2025WDB114,Alta,No,,2025
IV Semestre,MA2105-Ecuaciones diferenciales,2026EZE215,Alta,No,,2026
IV Semestre,MA2105-Ecuaciones diferenciales,2025FEU413,Alta,No,,2025
IV Semestre,MA2105-Ecuaciones diferenciales,2026YTQ949,Alta,No,,2026
IV Semestre,MA2105-Ecuaciones diferenciales,2026AWS287,Alta,No,,2026
IV Semestre,MA2105-Ecuaciones diferenciales,2024VDW555,Alta,No,,2024
IV Semestre,MA2105-Ecuaciones diferenciales,2025BTX267,Alta,No,,2025
IV Semestre,MA2105-Ecuaciones diferenciales,2026OTT089,Alta,No,,2026
IV Semestre,MA2105-Ecuaciones diferenciales,2025SHG160,Media,No,,2025
IV Semestre,MT2001-Circuitos eléctricos en CC y CA,2024IAJ257,Alta,No,,2024
IV Semestre,MT2001-Circuitos eléctricos en CC y CA,2025RSB937,Baja,No,,2025
IV Semestre,MT2001-Circuitos eléctricos en CC y CA,2025QVQ277,Alta,No,,2025
IV Semestre,MT2001-Circuitos eléctricos en CC y CA,2024YNS523,Alta,No,,2024
IV Semestre,MT2001-Circuitos eléctricos en CC y CA,2024VDW555,Alta,No,,2024
IV Semestre,MT2001-Circuitos eléctricos en CC y CA,2026JOQ461,Alta,No,,2026
IV Semestre,MT2002-Laboratorio de circuitos de corriente continua y corriente alterna,2019FLV107,Alta,No,,2019
IV Semestre,MT2002-Laboratorio de circuitos de corriente continua y corriente alterna,2025QVQ277,Alta,No,,2025
IV Semestre,MT2002-Laboratorio de circuitos de corriente continua y corriente alterna,2024VDW555,Alta,No,,2024
IV Semestre,MT2002-Laboratorio de circuitos de corriente continua y corriente alterna,2020EMC089,Alta,No,,2020
IV Semestre,MT2002-Laboratorio de circuitos de corriente continua y corriente alterna,2026JOQ461,Alta,No,,2026
IV Semestre,MT2002-Laboratorio de circuitos de corriente continua y corriente alterna,2023FBR198,Alta,No,,2023
IV Semestre,IF3502-Instrumentación I,2023TTF069,Alta,No,,2023
IV Semestre,IF3502-Instrumentación I,2024XRJ977,Alta,No,,2024
IV Semestre,IF3502-Instrumentación I,2024GPE444,Alta,No,,2024
IV Semestre,IF3502-Instrumentación I,2019FLV107,Alta,No,,2019
IV Semestre,IF3502-Instrumentación I,2024AHW712,Alta,No,,2024
IV Semestre,IF3502-Instrumentación I,2025QVQ277,Alta,No,,2025
IV Semestre,IF3502-Instrumentación I,2023DXJ537,Alta,No,,2023
IV Semestre,IF3502-Instrumentación I,2025WDB114,Alta,No,,2025
IV Semestre,IF3502-Instrumentación I,2026TLI165,Alta,No,,2026
IV Semestre,IF3502-Instrumentación I,2025FBZ151,Alta,No,,2025
IV Semestre,IF3502-Instrumentación I,2025FEU413,Alta,No,,2025
IV Semestre,IF3502-Instrumentación I,2026KDS429,Media,No,,2026
IV Semestre,IF3502-Instrumentación I,2024DSR789,Alta,No,,2024
IV Semestre,IF3502-Instrumentación I,2024VDW555,Alta,No,,2024
IV Semestre,IF3502-Instrumentación I,2024VEM451,Alta,No,,2024
IV Semestre,IF3502-Instrumentación I,2025VTO465,Alta,No,,2025
IV Semestre,IF3502-Instrumentación I,2022VBZ786,Alta,No,,2022
IV Semestre,IF3502-Instrumentación I,2025BTX267,Alta,No,,2025
IV Semestre,IF3502-Instrumentación I,2023FBR198,Alta,No,,2023
IV Semestre,IF3502-Instrumentación I,2023HLO894,Media,No,,2023
IV Semestre,IF3502-Instrumentación I,2021CSC940,Alta,No,,2021
IV Semestre,IF3502-Instrumentación I,2023MOX379,Alta,No,,2023
IV Semestre,MI3117-Dinámica,2022LSV602,Alta,No,,2022
IV Semestre,MI3117-Dinámica,2024GQT491,Alta,No,,2024
IV Semestre,MI3117-Dinámica,2024ZTZ068,Alta,No,,2024
IV Semestre,MI3117-Dinámica,2025QVQ277,Alta,No,,2025
IV Semestre,MI3117-Dinámica,2024ZUP366,Baja,No,,2024
IV Semestre,MI3117-Dinámica,2025WDB114,Alta,No,,2025
IV Semestre,MI3117-Dinámica,2024EXU993,Alta,No,,2024
IV Semestre,MI3117-Dinámica,2023AHO911,Baja,No,,2023
IV Semestre,MI3117-Dinámica,2024DCH633,Alta,No,,2024
IV Semestre,MI3117-Dinámica,2025FBZ151,Alta,No,,2025
IV Semestre,MI3117-Dinámica,2023HWH919,Alta,No,,2023
IV Semestre,MI3117-Dinámica,2025FEU413,Alta,No,,2025
IV Semestre,MI3117-Dinámica,2023PMQ357,Alta,No,,2023
IV Semestre,MI3117-Dinámica,2024DSR789,Alta,No,,2024
IV Semestre,MI3117-Dinámica,2024VDW555,Alta,No,,2024
IV Semestre,MI3117-Dinámica,2020EMC089,Alta,No,,2020
IV Semestre,MI3117-Dinámica,2024UJZ488,Alta,No,,2024
IV Semestre,MI3117-Dinámica,2024SIA119,Media,No,,2024
IV Semestre,MI3117-Dinámica,2025VTO465,Alta,No,,2025
IV Semestre,MI3117-Dinámica,2024CDX201,Alta,No,,2024
IV Semestre,MI3117-Dinámica,2025MUG789,Alta,No,,2025
IV Semestre,MI3117-Dinámica,2025BFA391,Media,No,,2025
IV Semestre,MI3117-Dinámica,2025UEU229,Alta,No,,2025
IV Semestre,MI3117-Dinámica,2024URB678,Alta,No,,2024
IV Semestre,MI3117-Dinámica,2023HCH884,Alta,No,,2023
IV Semestre,MI3117-Dinámica,2020HBY580,Alta,No,,2020
IV Semestre,PI2610-Probabilidad y estadística I,2025MIL462,Alta,No,,2025
IV Semestre,PI2610-Probabilidad y estadística I,2025RSB937,Alta,No,,2025
IV Semestre,PI2610-Probabilidad y estadística I,2026EIG968,Media,No,,2026
IV Semestre,PI2610-Probabilidad y estadística I,2025WDB114,Alta,No,,2025
IV Semestre,PI2610-Probabilidad y estadística I,2025QGP122,Alta,No,,2025
IV Semestre,PI2610-Probabilidad y estadística I,2025VTO465,Alta,No,,2025
IV Semestre,PI2610-Probabilidad y estadística I,2025BTX267,Alta,No,,2025
IV Semestre,PI2610-Probabilidad y estadística I,2021CSC940,Alta,No,,2021
IV Semestre,PI2610-Probabilidad y estadística I,2025SHG160,Media,No,,2025
V Semestre,FI2104-Física general IV,2025RSB937,Media,No,,2025
V Semestre,FI2104-Física general IV,2024AHW712,Alta,No,,2024
V Semestre,FI2104-Física general IV,2025QVQ277,Alta,No,,2025
V Semestre,FI2104-Física general IV,2026KDS429,Alta,No,,2026
V Semestre,FI2104-Física general IV,2024DSR789,Alta,No,,2024
V Semestre,FI2104-Física general IV,2023RNX813,Alta,No,,2023
V Semestre,FI2104-Física general IV,2025UEU229,Alta,No,,2025
V Semestre,FI2104-Física general IV,2024LTV287,Alta,No,,2024
V Semestre,FI2104-Física general IV,2024URB678,Alta,No,,2024
V Semestre,MA2104-Cálculo superior,2023TTF069,Alta,No,,2023
V Semestre,MA2104-Cálculo superior,2024XRJ977,Alta,No,,2024
V Semestre,MA2104-Cálculo superior,2024AHW712,Alta,No,,2024
V Semestre,MA2104-Cálculo superior,2024YNS523,Baja,No,,2024
V Semestre,MA2104-Cálculo superior,2026AWS287,Alta,No,,2026
V Semestre,MA2104-Cálculo superior,2025VTO465,Alta,No,,2025
V Semestre,MA2104-Cálculo superior,2026JOQ461,Alta,No,,2026
V Semestre,IF3501-Termodinámica I,2025RSB937,Alta,No,,2025
V Semestre,IF3501-Termodinámica I,2019ESU835,Baja,No,,2019
V Semestre,IF3501-Termodinámica I,2024TNS866,Alta,No,,2024
V Semestre,IF3501-Termodinámica I,2024AHW712,Alta,No,,2024
V Semestre,IF3501-Termodinámica I,2025QVQ277,Alta,No,,2025
V Semestre,IF3501-Termodinámica I,2023YIC977,Alta,No,,2023
V Semestre,IF3501-Termodinámica I,2024EXU993,Alta,No,,2024
V Semestre,IF3501-Termodinámica I,2024YNS523,Baja,No,,2024
V Semestre,IF3501-Termodinámica I,2024CKT471,Alta,No,,2024
V Semestre,IF3501-Termodinámica I,2024DSR789,Baja,No,,2024
V Semestre,IF3501-Termodinámica I,2023RNX813,Alta,No,,2023
V Semestre,IF3501-Termodinámica I,2018JTW654,Alta,No,,2018
V Semestre,IF3501-Termodinámica I,2025UEU229,Alta,No,,2025
V Semestre,IF3501-Termodinámica I,2024LTV287,Alta,No,,2024
V Semestre,IF3503-Instrumentación II,2019ESU835,Media,No,,2019
V Semestre,IF3503-Instrumentación II,2023YIC977,Alta,No,,2023
V Semestre,IF3503-Instrumentación II,2024EXU993,Alta,No,,2024
V Semestre,IF3503-Instrumentación II,2024YNS523,Baja,No,,2024
V Semestre,IF3503-Instrumentación II,2024BHW266,Alta,No,,2024
V Semestre,IF3503-Instrumentación II,2023HWH919,Alta,No,,2023
V Semestre,IF3503-Instrumentación II,2020LOO580,Alta,No,,2020
V Semestre,IF3503-Instrumentación II,2023CNK780,Alta,No,,2023
V Semestre,IF3503-Instrumentación II,2023RNX813,Alta,No,,2023
V Semestre,IF3503-Instrumentación II,2018JTW654,Alta,No,,2018
V Semestre,IF3503-Instrumentación II,2024SIA119,Alta,No,,2024
V Semestre,IF3503-Instrumentación II,2024RNP316,Alta,No,,2024
V Semestre,IF3503-Instrumentación II,2025MUG789,Alta,No,,2025
V Semestre,IF3503-Instrumentación II,2024LTV287,Alta,No,,2024
V Semestre,IF3503-Instrumentación II,2023HCH884,Alta,No,,2023
V Semestre,MA3106-Métodos numéricos,2024TNS866,Alta,No,,2024
V Semestre,MA3106-Métodos numéricos,2023YIC977,Alta,No,,2023
V Semestre,MA3106-Métodos numéricos,2024EXU993,Alta,No,,2024
V Semestre,MA3106-Métodos numéricos,2024DCH633,Alta,No,,2024
V Semestre,MA3106-Métodos numéricos,2024YNS523,Baja,No,,2024
V Semestre,MA3106-Métodos numéricos,2025QGP122,Baja,No,,2025
V Semestre,MA3106-Métodos numéricos,2024AGB566,Alta,No,,2024
V Semestre,MA3106-Métodos numéricos,2024IAM536,Alta,No,,2024
V Semestre,MA3106-Métodos numéricos,2024DSR789,Alta,No,,2024
V Semestre,MA3106-Métodos numéricos,2023RNX813,Alta,No,,2023
V Semestre,MA3106-Métodos numéricos,2024GLF465,Alta,No,,2024
V Semestre,MA3106-Métodos numéricos,2024RNP316,Alta,No,,2024
V Semestre,MA3106-Métodos numéricos,2025MUG789,Alta,No,,2025
V Semestre,MA3106-Métodos numéricos,2025BFA391,Alta,No,,2025
V Semestre,MA3106-Métodos numéricos,2025UEU229,Alta,No,,2025
V Semestre,MA3106-Métodos numéricos,2024LTV287,Alta,No,,2024
V Semestre,MA3106-Métodos numéricos,2023FBR198,Alta,No,,2023
V Semestre,MA3106-Métodos numéricos,2023MOX379,,No,Sí,2023
V Semestre,PI3612-Probabilidad y estadística II,2024XRJ977,Alta,No,,2024
V Semestre,PI3612-Probabilidad y estadística II,2023DXJ537,Alta,No,,2023
V Semestre,PI3612-Probabilidad y estadística II,2025FEU413,Alta,No,,2025
V Semestre,PI3612-Probabilidad y estadística II,2020LOO580,Alta,No,,2020
V Semestre,PI3612-Probabilidad y estadística II,2024RNP316,Alta,No,,2024
V Semestre,PI3612-Probabilidad y estadística II,2025UEU229,Alta,No,,2025
V Semestre,PI3612-Probabilidad y estadística II,2024LTV287,Alta,No,,2024
VI Semestre,IF3601-Metodología de la investigación,2024IAJ257,Alta,No,,2024
VI Semestre,IF3601-Metodología de la investigación,2023TTF069,Alta,No,,2023
VI Semestre,IF3601-Metodología de la investigación,2024PGF277,Alta,No,,2024
VI Semestre,IF3601-Metodología de la investigación,2016XFM702,Alta,No,,2016
VI Semestre,IF3601-Metodología de la investigación,2024TNS866,Alta,No,,2024
VI Semestre,IF3601-Metodología de la investigación,2024GQT491,Alta,No,,2024
VI Semestre,IF3601-Metodología de la investigación,2024ZTZ068,Alta,No,,2024
VI Semestre,IF3601-Metodología de la investigación,2024ZUP366,Alta,No,,2024
VI Semestre,IF3601-Metodología de la investigación,2023YIC977,Alta,No,,2023
VI Semestre,IF3601-Metodología de la investigación,2023AHO911,Alta,No,,2023
VI Semestre,IF3601-Metodología de la investigación,2024YNS523,Media,No,,2024
VI Semestre,IF3601-Metodología de la investigación,2021JEX221,Alta,No,,2021
VI Semestre,IF3601-Metodología de la investigación,2024AGB566,Alta,No,,2024
VI Semestre,IF3601-Metodología de la investigación,2024CKT471,Alta,No,,2024
VI Semestre,IF3601-Metodología de la investigación,2024IAM536,Alta,No,,2024
VI Semestre,IF3601-Metodología de la investigación,2023HWH919,Alta,No,,2023
VI Semestre,IF3601-Metodología de la investigación,2024VDW555,Alta,No,,2024
VI Semestre,IF3601-Metodología de la investigación,2024VEM451,Alta,No,,2024
VI Semestre,IF3601-Metodología de la investigación,2022DIS768,Alta,No,,2022
VI Semestre,IF3601-Metodología de la investigación,2023RNX813,Alta,No,,2023
VI Semestre,IF3601-Metodología de la investigación,2024UJZ488,Alta,No,,2024
VI Semestre,IF3601-Metodología de la investigación,2024CEW028,Alta,No,,2024
VI Semestre,IF3601-Metodología de la investigación,2024SIA119,Alta,No,,2024
VI Semestre,IF3601-Metodología de la investigación,2023KRR868,Alta,No,,2023
VI Semestre,IF3601-Metodología de la investigación,2024CDX201,Alta,No,,2024
VI Semestre,IF3601-Metodología de la investigación,2025BFA391,Alta,No,,2025
VI Semestre,IF3601-Metodología de la investigación,2023FBR198,Alta,No,,2023
VI Semestre,IF3601-Metodología de la investigación,2024URB678,Alta,No,,2024
VI Semestre,IF3601-Metodología de la investigación,2023XHF830,Alta,No,,2023
VI Semestre,IF3601-Metodología de la investigación,2023HLO894,Media,No,,2023
VI Semestre,IF3601-Metodología de la investigación,2024OMU717,Alta,No,,2024
VI Semestre,IF3601-Metodología de la investigación,2023RVP290,Alta,No,,2023
VI Semestre,IF3601-Metodología de la investigación,2020HBY580,Alta,No,,2020
VI Semestre,IF3601-Metodología de la investigación,2023MOX379,,No,Sí,2023
VI Semestre,IF3601-Metodología de la investigación,2024LTV287,,No,Sí,2024
VI Semestre,IF3602-Métodos matemáticos de física e ingeniería I,2024IAJ257,Alta,No,,2024
VI Semestre,IF3602-Métodos matemáticos de física e ingeniería I,2024PGF277,Alta,No,,2024
VI Semestre,IF3602-Métodos matemáticos de física e ingeniería I,2024GQT491,Alta,No,,2024
VI Semestre,IF3602-Métodos matemáticos de física e ingeniería I,2024ZTZ068,Alta,No,,2024
VI Semestre,IF3602-Métodos matemáticos de física e ingeniería I,2024ZUP366,Alta,No,,2024
VI Semestre,IF3602-Métodos matemáticos de física e ingeniería I,2023YIC977,Alta,No,,2023
VI Semestre,IF3602-Métodos matemáticos de física e ingeniería I,2024YNS523,Alta,No,,2024
VI Semestre,IF3602-Métodos matemáticos de física e ingeniería I,2024AGB566,Alta,No,,2024
VI Semestre,IF3602-Métodos matemáticos de física e ingeniería I,2024IAM536,Alta,No,,2024
VI Semestre,IF3602-Métodos matemáticos de física e ingeniería I,2024VEM451,Alta,No,,2024
VI Semestre,IF3602-Métodos matemáticos de física e ingeniería I,2023RNX813,Alta,No,,2023
VI Semestre,IF3602-Métodos matemáticos de física e ingeniería I,2021UUZ669,Alta,No,,2021
VI Semestre,IF3602-Métodos matemáticos de física e ingeniería I,2018JTW654,Alta,No,,2018
VI Semestre,IF3602-Métodos matemáticos de física e ingeniería I,2024UJZ488,Alta,No,,2024
VI Semestre,IF3602-Métodos matemáticos de física e ingeniería I,2024CEW028,Alta,No,,2024
VI Semestre,IF3602-Métodos matemáticos de física e ingeniería I,2024SIA119,Alta,No,,2024
VI Semestre,IF3602-Métodos matemáticos de física e ingeniería I,2024CDX201,Alta,No,,2024
VI Semestre,IF3602-Métodos matemáticos de física e ingeniería I,2025BFA391,Alta,No,,2025
VI Semestre,IF3602-Métodos matemáticos de física e ingeniería I,2024URB678,Alta,No,,2024
VI Semestre,IF3602-Métodos matemáticos de física e ingeniería I,2023HLO894,Alta,No,,2023
VI Semestre,IF3602-Métodos matemáticos de física e ingeniería I,2023HCH884,Alta,No,,2023
VI Semestre,IF3602-Métodos matemáticos de física e ingeniería I,2024ATQ298,Alta,No,,2024
VI Semestre,IF3602-Métodos matemáticos de física e ingeniería I,2020HBY580,Alta,No,,2020
VI Semestre,IF3602-Métodos matemáticos de física e ingeniería I,2023MOX379,Alta,No,,2023
VI Semestre,IF3603-Óptica,2024IAJ257,Alta,No,,2024
VI Semestre,IF3603-Óptica,2023TTF069,Alta,No,,2023
VI Semestre,IF3603-Óptica,2024XRJ977,Alta,No,,2024
VI Semestre,IF3603-Óptica,2024ZUP366,Alta,No,,2024
VI Semestre,IF3603-Óptica,2024YNS523,Alta,No,,2024
VI Semestre,IF3603-Óptica,2024AGB566,Alta,No,,2024
VI Semestre,IF3603-Óptica,2024IAM536,Alta,No,,2024
VI Semestre,IF3603-Óptica,2020LOO580,Alta,No,,2020
VI Semestre,IF3603-Óptica,2022DIS768,Alta,No,,2022
VI Semestre,IF3603-Óptica,2018JTW654,Alta,No,,2018
VI Semestre,IF3603-Óptica,2025MUG789,Alta,No,,2025
VI Semestre,IF3603-Óptica,2025BFA391,Alta,No,,2025
VI Semestre,IF3603-Óptica,2023RNX813,,No,Sí,2023
VI Semestre,IF3603-Óptica,2024LTV287,,No,Sí,2024
VI Semestre,IF3604-Laboratorio de óptica,2019ESU835,Alta,No,,2019
VI Semestre,IF3604-Laboratorio de óptica,2024GQT491,Alta,No,,2024
VI Semestre,IF3604-Laboratorio de óptica,2024ZTZ068,Alta,No,,2024
VI Semestre,IF3604-Laboratorio de óptica,2020LOO580,Alta,No,,2020
VI Semestre,IF3604-Laboratorio de óptica,2024VEM451,Alta,No,,2024
VI Semestre,IF3604-Laboratorio de óptica,2026JTL806,Alta,No,,2026
VI Semestre,IF3604-Laboratorio de óptica,2024SIA119,Alta,No,,2024
VI Semestre,IF3604-Laboratorio de óptica,2024CDX201,Alta,No,,2024
VI Semestre,IF3604-Laboratorio de óptica,2023HLO894,Alta,No,,2023
VI Semestre,IF3604-Laboratorio de óptica,2023HCH884,Alta,No,,2023
VI Semestre,IF3604-Laboratorio de óptica,2024ATQ298,Alta,No,,2024
VI Semestre,IF3604-Laboratorio de óptica,2023MOX379,Alta,No,,2023
VI Semestre,MI3108-Mecánica de fluidos,2024PGF277,Alta,No,,2024
VI Semestre,MI3108-Mecánica de fluidos,2024GPE444,Alta,No,,2024
VI Semestre,MI3108-Mecánica de fluidos,2022KSM092,Alta,No,,2022
VI Semestre,MI3108-Mecánica de fluidos,2023YIC977,Alta,No,,2023
VI Semestre,MI3108-Mecánica de fluidos,2024YNS523,Alta,No,,2024
VI Semestre,MI3108-Mecánica de fluidos,2023YYF968,Alta,No,,2023
VI Semestre,MI3108-Mecánica de fluidos,2024CKT471,Alta,No,,2024
VI Semestre,MI3108-Mecánica de fluidos,2024VEM451,Alta,No,,2024
VI Semestre,MI3108-Mecánica de fluidos,2022KNP380,Alta,No,,2022
VI Semestre,MI3108-Mecánica de fluidos,2020VFV245,Alta,No,,2020
VI Semestre,MI3108-Mecánica de fluidos,2023CNK780,Alta,No,,2023
VI Semestre,MI3108-Mecánica de fluidos,2023HWO942,Baja,No,,2023
VI Semestre,MI3108-Mecánica de fluidos,2023RNX813,Alta,No,,2023
VI Semestre,MI3108-Mecánica de fluidos,2024CEW028,Alta,No,,2024
VI Semestre,MI3108-Mecánica de fluidos,2022HVT937,Alta,No,,2022
VI Semestre,MI3108-Mecánica de fluidos,2024LTV287,Alta,No,,2024
VI Semestre,MI3108-Mecánica de fluidos,2023RVP290,Alta,No,,2023
VI Semestre,MI3108-Mecánica de fluidos,2023PMQ357,,No,Sí,2023
VI Semestre,PI5302-Diseño de experimentos,2024IAJ257,Alta,No,,2024
VI Semestre,PI5302-Diseño de experimentos,2023TTF069,Alta,No,,2023
VI Semestre,PI5302-Diseño de experimentos,2024PGF277,Alta,No,,2024
VI Semestre,PI5302-Diseño de experimentos,2022LSV602,Alta,No,,2022
VI Semestre,PI5302-Diseño de experimentos,2016XFM702,Alta,No,,2016
VI Semestre,PI5302-Diseño de experimentos,2024TNS866,Alta,No,,2024
VI Semestre,PI5302-Diseño de experimentos,2024ZTZ068,Alta,No,,2024
VI Semestre,PI5302-Diseño de experimentos,2024ZUP366,Alta,No,,2024
VI Semestre,PI5302-Diseño de experimentos,2023YIC977,Alta,No,,2023
VI Semestre,PI5302-Diseño de experimentos,2024YNS523,Alta,No,,2024
VI Semestre,PI5302-Diseño de experimentos,2024AGB566,Alta,No,,2024
VI Semestre,PI5302-Diseño de experimentos,2024CKT471,Alta,No,,2024
VI Semestre,PI5302-Diseño de experimentos,2024IAM536,Alta,No,,2024
VI Semestre,PI5302-Diseño de experimentos,2024DSR789,Alta,No,,2024
VI Semestre,PI5302-Diseño de experimentos,2024VDW555,Alta,No,,2024
VI Semestre,PI5302-Diseño de experimentos,2022DIS768,Alta,No,,2022
VI Semestre,PI5302-Diseño de experimentos,2021UUZ669,Alta,No,,2021
VI Semestre,PI5302-Diseño de experimentos,2024GLF465,Media,No,,2024
VI Semestre,PI5302-Diseño de experimentos,2024SIA119,Alta,No,,2024
VI Semestre,PI5302-Diseño de experimentos,2025BFA391,Alta,No,,2025
VI Semestre,PI5302-Diseño de experimentos,2022VBZ786,Alta,No,,2022
VI Semestre,PI5302-Diseño de experimentos,2024URB678,Alta,No,,2024
VI Semestre,PI5302-Diseño de experimentos,2023HLO894,Alta,No,,2023
VI Semestre,PI5302-Diseño de experimentos,2017QEK371,Alta,No,,2017
VI Semestre,PI5302-Diseño de experimentos,2024ATQ298,Alta,No,,2024
VI Semestre,PI5302-Diseño de experimentos,2023MOX379,Alta,No,,2023
VI Semestre,PI5302-Diseño de experimentos,2023RNX813,,No,Sí,2023
VI Semestre,PI5302-Diseño de experimentos,2024LTV287,,No,Sí,2024
VII Semestre,CS3404-Seminario de ética para la ingeniería,2024IAJ257,Alta,No,,2024
VII Semestre,CS3404-Seminario de ética para la ingeniería,2024PXD473,Alta,No,,2024
VII Semestre,CS3404-Seminario de ética para la ingeniería,2024TNS866,Alta,No,,2024
VII Semestre,CS3404-Seminario de ética para la ingeniería,2026RQJ379,Alta,No,,2026
VII Semestre,CS3404-Seminario de ética para la ingeniería,2026SGP141,Media,No,,2026
VII Semestre,CS3404-Seminario de ética para la ingeniería,2023YYF968,Alta,No,,2023
VII Semestre,CS3404-Seminario de ética para la ingeniería,2024CKT471,Media,No,,2024
VII Semestre,CS3404-Seminario de ética para la ingeniería,2025VNW098,Alta,No,,2025
VII Semestre,CS3404-Seminario de ética para la ingeniería,2024LTV287,Alta,No,,2024
VII Semestre,EL4513-Teoría electromagnética I,2024IAJ257,Alta,No,,2024
VII Semestre,EL4513-Teoría electromagnética I,2024PGF277,Alta,No,,2024
VII Semestre,EL4513-Teoría electromagnética I,2022LSV602,Baja,No,,2022
VII Semestre,EL4513-Teoría electromagnética I,2022KSM092,Alta,No,,2022
VII Semestre,EL4513-Teoría electromagnética I,2023YIC977,Alta,No,,2023
VII Semestre,EL4513-Teoría electromagnética I,2023AHO911,Media,No,,2023
VII Semestre,EL4513-Teoría electromagnética I,2024BHW266,Alta,No,,2024
VII Semestre,EL4513-Teoría electromagnética I,2024CKT471,Alta,No,,2024
VII Semestre,EL4513-Teoría electromagnética I,2023HWH919,Alta,No,,2023
VII Semestre,EL4513-Teoría electromagnética I,2021PTP958,Alta,No,,2021
VII Semestre,EL4513-Teoría electromagnética I,2022KNP380,Alta,No,,2022
VII Semestre,EL4513-Teoría electromagnética I,2023CNK780,Alta,No,,2023
VII Semestre,EL4513-Teoría electromagnética I,2023HWO942,Alta,No,,2023
VII Semestre,EL4513-Teoría electromagnética I,2023JMF997,Alta,No,,2023
VII Semestre,EL4513-Teoría electromagnética I,2022NUL823,Alta,No,,2022
VII Semestre,EL4513-Teoría electromagnética I,2022OCJ543,Alta,No,,2022
VII Semestre,EL4513-Teoría electromagnética I,2021IET276,Alta,No,,2021
VII Semestre,EL4513-Teoría electromagnética I,2022XTZ298,Alta,No,,2022
VII Semestre,EL4513-Teoría electromagnética I,2023EJO952,Alta,No,,2023
VII Semestre,EL4513-Teoría electromagnética I,2022HVT937,Alta,No,,2022
VII Semestre,EL4513-Teoría electromagnética I,2024LTV287,Alta,No,,2024
VII Semestre,EL4513-Teoría electromagnética I,2017QEK371,Alta,No,,2017
VII Semestre,EL4513-Teoría electromagnética I,2023HCH884,Media,No,,2023
VII Semestre,IF4701-Métodos matemáticos de física e ingeniería II,2023HWH919,Alta,No,,2023
VII Semestre,IF4702-Física computacional I,2024IAJ257,Alta,No,,2024
VII Semestre,IF4702-Física computacional I,2022LSV602,Baja,No,,2022
VII Semestre,IF4702-Física computacional I,2024CKT471,Baja,No,,2024
VII Semestre,IF4702-Física computacional I,2023HWH919,Alta,No,,2023
VII Semestre,IF4702-Física computacional I,2021UUZ669,Alta,No,,2021
VII Semestre,IF4702-Física computacional I,2024UJZ488,Alta,No,,2024
VII Semestre,IF4702-Física computacional I,2020HBY580,Alta,No,,2020
VII Semestre,IF4702-Física computacional I,2024LTV287,,No,Sí,2024
VII Semestre,IF4703-Análisis de incertidumbres,2021LFH449,Alta,No,,2021
VII Semestre,IF4703-Análisis de incertidumbres,2023HWH919,Alta,No,,2023
VII Semestre,IF4703-Análisis de incertidumbres,2016XFM702,,No,Sí,2016
VII Semestre,IF4703-Análisis de incertidumbres,2024LTV287,,No,Sí,2024
VII Semestre,IF4704-Electiva I,2024IAJ257,Alta,No,,2024
VII Semestre,IF4704-Electiva I,2024XRJ977,Alta,No,,2024
VII Semestre,IF4704-Electiva I,2024TNS866,Alta,No,,2024
VII Semestre,IF4704-Electiva I,2025QVQ277,Baja,No,,2025
VII Semestre,IF4704-Electiva I,2023YIC977,Alta,No,,2023
VII Semestre,IF4704-Electiva I,2023AHO911,Baja,No,,2023
VII Semestre,IF4704-Electiva I,2024BHW266,Alta,No,,2024
VII Semestre,IF4704-Electiva I,2023YYF968,Alta,No,,2023
VII Semestre,IF4704-Electiva I,2023HWH919,Alta,No,,2023
VII Semestre,IF4704-Electiva I,2022DIS768,Media,No,,2022
VII Semestre,IF4704-Electiva I,2023JMF997,Alta,No,,2023
VII Semestre,IF4704-Electiva I,2024CEW028,Media,No,,2024
VII Semestre,IF4704-Electiva I,2022YQK340,Alta,No,,2022
VII Semestre,IF4704-Electiva I,2023EJO952,Alta,No,,2023
VII Semestre,IF4704-Electiva I,2024LTV287,Alta,No,,2024
VII Semestre,IF4704-Electiva I,2020HBY580,Alta,No,,2020
VII Semestre,IF4704-Electiva I,2024CKT471,,No,Sí,2024
VIII Semestre,CS4402-Seminario de estudios costarricenses,2024XRJ977,Alta,No,,2024
VIII Semestre,CS4402-Seminario de estudios costarricenses,2024GQT491,Alta,No,,2024
VIII Semestre,CS4402-Seminario de estudios costarricenses,2024ZTZ068,Media,No,,2024
VIII Semestre,CS4402-Seminario de estudios costarricenses,2023HWO942,Baja,No,,2023
VIII Semestre,CS4402-Seminario de estudios costarricenses,2023JMF997,Alta,No,,2023
VIII Semestre,CS4402-Seminario de estudios costarricenses,2022NUL823,Alta,No,,2022
VIII Semestre,CS4402-Seminario de estudios costarricenses,2022OCJ543,Alta,No,,2022
VIII Semestre,CS4402-Seminario de estudios costarricenses,2024CDX201,Baja,No,,2024
VIII Semestre,CS4402-Seminario de estudios costarricenses,2022YQK340,Alta,No,,2022
VIII Semestre,CS4402-Seminario de estudios costarricenses,2023EJO952,Alta,No,,2023
VIII Semestre,CS4402-Seminario de estudios costarricenses,2022HVT937,Alta,No,,2022
VIII Semestre,CS4402-Seminario de estudios costarricenses,2022UFU802,Alta,No,,2022
VIII Semestre,CS4402-Seminario de estudios costarricenses,2020HBY580,Alta,No,,2020
VIII Semestre,MT7001-Análisis y simulación de sistemas,2022LSV602,Alta,No,,2022
VIII Semestre,MT7001-Análisis y simulación de sistemas,2022KSM092,Alta,No,,2022
VIII Semestre,MT7001-Análisis y simulación de sistemas,2021BMZ365,Media,No,,2021
VIII Semestre,MT7001-Análisis y simulación de sistemas,2020NKN815,Baja,No,,2020
VIII Semestre,MT7001-Análisis y simulación de sistemas,2024BHW266,Alta,No,,2024
VIII Semestre,MT7001-Análisis y simulación de sistemas,2023YYF968,Alta,No,,2023
VIII Semestre,MT7001-Análisis y simulación de sistemas,2021UOK289,Media,No,,2021
VIII Semestre,MT7001-Análisis y simulación de sistemas,2024CKT471,Alta,No,,2024
VIII Semestre,MT7001-Análisis y simulación de sistemas,2021LFH449,Alta,No,,2021
VIII Semestre,MT7001-Análisis y simulación de sistemas,2021RYM569,Media,No,,2021
VIII Semestre,MT7001-Análisis y simulación de sistemas,2022PQA946,Alta,No,,2022
VIII Semestre,MT7001-Análisis y simulación de sistemas,2021PCL533,Alta,No,,2021
VIII Semestre,MT7001-Análisis y simulación de sistemas,2023CNK780,Alta,No,,2023
VIII Semestre,MT7001-Análisis y simulación de sistemas,2023JMF997,Alta,No,,2023
VIII Semestre,MT7001-Análisis y simulación de sistemas,2022OCJ543,Alta,No,,2022
VIII Semestre,MT7001-Análisis y simulación de sistemas,2021JIG868,Alta,No,,2021
VIII Semestre,MT7001-Análisis y simulación de sistemas,2021IET276,Media,No,,2021
VIII Semestre,MT7001-Análisis y simulación de sistemas,2023KRR868,Alta,No,,2023
VIII Semestre,MT7001-Análisis y simulación de sistemas,2022YQK340,Alta,No,,2022
VIII Semestre,MT7001-Análisis y simulación de sistemas,2023EJO952,Alta,No,,2023
VIII Semestre,MT7001-Análisis y simulación de sistemas,2022VBZ786,Alta,No,,2022
VIII Semestre,MT7001-Análisis y simulación de sistemas,2024OMU717,Alta,No,,2024
VIII Semestre,IF4801-Mecánica cuántica para ingeniería,2022LSV602,Alta,No,,2022
VIII Semestre,IF4801-Mecánica cuántica para ingeniería,2024GPE444,Alta,No,,2024
VIII Semestre,IF4801-Mecánica cuántica para ingeniería,2022KSM092,Alta,No,,2022
VIII Semestre,IF4801-Mecánica cuántica para ingeniería,2020HOG143,Alta,No,,2020
VIII Semestre,IF4801-Mecánica cuántica para ingeniería,2023AHO911,Alta,No,,2023
VIII Semestre,IF4801-Mecánica cuántica para ingeniería,2024DCH633,Alta,No,,2024
VIII Semestre,IF4801-Mecánica cuántica para ingeniería,2021JEX221,Alta,No,,2021
VIII Semestre,IF4801-Mecánica cuántica para ingeniería,2024BHW266,Alta,No,,2024
VIII Semestre,IF4801-Mecánica cuántica para ingeniería,2023YYF968,Alta,No,,2023
VIII Semestre,IF4801-Mecánica cuántica para ingeniería,2024CKT471,Alta,No,,2024
VIII Semestre,IF4801-Mecánica cuántica para ingeniería,2018TKG307,Alta,No,,2018
VIII Semestre,IF4801-Mecánica cuántica para ingeniería,2022PQA946,Alta,No,,2022
VIII Semestre,IF4801-Mecánica cuántica para ingeniería,2021PCL533,Alta,No,,2021
VIII Semestre,IF4801-Mecánica cuántica para ingeniería,2023CNK780,Alta,No,,2023
VIII Semestre,IF4801-Mecánica cuántica para ingeniería,2023HWO942,Alta,No,,2023
VIII Semestre,IF4801-Mecánica cuántica para ingeniería,2023JMF997,Alta,No,,2023
VIII Semestre,IF4801-Mecánica cuántica para ingeniería,2022OCJ543,Alta,No,,2022
VIII Semestre,IF4801-Mecánica cuántica para ingeniería,2023KRR868,Alta,No,,2023
VIII Semestre,IF4801-Mecánica cuántica para ingeniería,2022YQK340,Alta,No,,2022
VIII Semestre,IF4801-Mecánica cuántica para ingeniería,2023EJO952,Alta,No,,2023
VIII Semestre,IF4801-Mecánica cuántica para ingeniería,2022VBZ786,Alta,No,,2022
VIII Semestre,IF4801-Mecánica cuántica para ingeniería,2024OMU717,Alta,No,,2024
VIII Semestre,IF4801-Mecánica cuántica para ingeniería,2017QEK371,Alta,No,,2017
VIII Semestre,IF4801-Mecánica cuántica para ingeniería,2023RVP290,Alta,No,,2023
VIII Semestre,IF4802-Laboratorio metrología I,2024GPE444,Alta,No,,2024
VIII Semestre,IF4802-Laboratorio metrología I,2022KSM092,Alta,No,,2022
VIII Semestre,IF4802-Laboratorio metrología I,2021BMZ365,Alta,No,,2021
VIII Semestre,IF4802-Laboratorio metrología I,2023AHO911,Alta,No,,2023
VIII Semestre,IF4802-Laboratorio metrología I,2021BGK713,Alta,No,,2021
VIII Semestre,IF4802-Laboratorio metrología I,2021JEX221,Alta,No,,2021
VIII Semestre,IF4802-Laboratorio metrología I,2024BHW266,Alta,No,,2024
VIII Semestre,IF4802-Laboratorio metrología I,2023YYF968,Alta,No,,2023
VIII Semestre,IF4802-Laboratorio metrología I,2018TKG307,Alta,No,,2018
VIII Semestre,IF4802-Laboratorio metrología I,2022PQA946,Alta,No,,2022
VIII Semestre,IF4802-Laboratorio metrología I,2023CNK780,Alta,No,,2023
VIII Semestre,IF4802-Laboratorio metrología I,2023HWO942,Alta,No,,2023
VIII Semestre,IF4802-Laboratorio metrología I,2023JMF997,Alta,No,,2023
VIII Semestre,IF4802-Laboratorio metrología I,2022NUL823,Alta,No,,2022
VIII Semestre,IF4802-Laboratorio metrología I,2022OCJ543,Alta,No,,2022
VIII Semestre,IF4802-Laboratorio metrología I,2020EMC089,Alta,No,,2020
VIII Semestre,IF4802-Laboratorio metrología I,2024UJZ488,Alta,No,,2024
VIII Semestre,IF4802-Laboratorio metrología I,2024CEW028,Alta,No,,2024
VIII Semestre,IF4802-Laboratorio metrología I,2023KRR868,Alta,No,,2023
VIII Semestre,IF4802-Laboratorio metrología I,2022XTZ298,Alta,No,,2022
VIII Semestre,IF4802-Laboratorio metrología I,2022YQK340,Alta,No,,2022
VIII Semestre,IF4802-Laboratorio metrología I,2023EJO952,Alta,No,,2023
VIII Semestre,IF4802-Laboratorio metrología I,2024OMU717,Alta,No,,2024
VIII Semestre,IF4802-Laboratorio metrología I,2023HCH884,Alta,No,,2023
VIII Semestre,IF4802-Laboratorio metrología I,2022UFU802,Alta,No,,2022
VIII Semestre,IF4802-Laboratorio metrología I,2023RVP290,Alta,No,,2023
VIII Semestre,IF4802-Laboratorio metrología I,2020HBY580,Alta,No,,2020
VIII Semestre,IF4803-Metrología industrial y legal,2021BMZ365,Alta,No,,2021
VIII Semestre,IF4803-Metrología industrial y legal,2023AHO911,Alta,No,,2023
VIII Semestre,IF4803-Metrología industrial y legal,2021BGK713,Alta,No,,2021
VIII Semestre,IF4803-Metrología industrial y legal,2021JEX221,Alta,No,,2021
VIII Semestre,IF4803-Metrología industrial y legal,2024BHW266,Alta,No,,2024
VIII Semestre,IF4803-Metrología industrial y legal,2019GCE456,Alta,No,,2019
VIII Semestre,IF4803-Metrología industrial y legal,2023HWO942,Alta,No,,2023
VIII Semestre,IF4803-Metrología industrial y legal,2022OCJ543,Alta,No,,2022
VIII Semestre,IF4803-Metrología industrial y legal,2024UJZ488,Alta,No,,2024
VIII Semestre,IF4803-Metrología industrial y legal,2024CEW028,Alta,No,,2024
VIII Semestre,IF4803-Metrología industrial y legal,2023RVP290,Alta,No,,2023
VIII Semestre,IF4803-Metrología industrial y legal,2020HBY580,Alta,No,,2020
VIII Semestre,IF4803-Metrología industrial y legal,2021LFH449,,No,Sí,2021
VIII Semestre,IF4803-Metrología industrial y legal,2023HWH919,,No,Sí,2023
VIII Semestre,IF4804-Física computacional II,2024PGF277,Alta,No,,2024
VIII Semestre,IF4804-Física computacional II,2024GPE444,Alta,No,,2024
VIII Semestre,IF4804-Física computacional II,2022KSM092,Alta,No,,2022
VIII Semestre,IF4804-Física computacional II,2024GQT491,Alta,No,,2024
VIII Semestre,IF4804-Física computacional II,2023AHO911,Alta,No,,2023
VIII Semestre,IF4804-Física computacional II,2024BHW266,Alta,No,,2024
VIII Semestre,IF4804-Física computacional II,2023YYF968,Alta,No,,2023
VIII Semestre,IF4804-Física computacional II,2023CNK780,Alta,No,,2023
VIII Semestre,IF4804-Física computacional II,2023HWO942,Alta,No,,2023
VIII Semestre,IF4804-Física computacional II,2023JMF997,Alta,No,,2023
VIII Semestre,IF4804-Física computacional II,2022OCJ543,Alta,No,,2022
VIII Semestre,IF4804-Física computacional II,2024CEW028,Alta,No,,2024
VIII Semestre,IF4804-Física computacional II,2024SIA119,Media,No,,2024
VIII Semestre,IF4804-Física computacional II,2023KRR868,Alta,No,,2023
VIII Semestre,IF4804-Física computacional II,2024CDX201,Alta,No,,2024
VIII Semestre,IF4804-Física computacional II,2023EJO952,Alta,No,,2023
VIII Semestre,IF4804-Física computacional II,2022VBZ786,Alta,No,,2022
VIII Semestre,IF4804-Física computacional II,2024OMU717,Alta,No,,2024
VIII Semestre,IF4804-Física computacional II,2017QEK371,Alta,No,,2017
VIII Semestre,IF4804-Física computacional II,2023HCH884,Alta,No,,2023
IX Semestre,IF5901-Física experimental,2024PGF277,Alta,No,,2024
IX Semestre,IF5901-Física experimental,2022LSV602,Baja,No,,2022
IX Semestre,IF5901-Física experimental,2022KSM092,Alta,No,,2022
IX Semestre,IF5901-Física experimental,2020HOG143,Alta,No,,2020
IX Semestre,IF5901-Física experimental,2023AHO911,Alta,No,,2023
IX Semestre,IF5901-Física experimental,2023YYF968,Alta,No,,2023
IX Semestre,IF5901-Física experimental,2024CKT471,Alta,No,,2024
IX Semestre,IF5901-Física experimental,2021LFH449,Alta,No,,2021
IX Semestre,IF5901-Física experimental,2021PTP958,Alta,No,,2021
IX Semestre,IF5901-Física experimental,2022KNP380,Alta,No,,2022
IX Semestre,IF5901-Física experimental,2019GCE456,Alta,No,,2019
IX Semestre,IF5901-Física experimental,2021PCL533,Alta,No,,2021
IX Semestre,IF5901-Física experimental,2023HWO942,Media,No,,2023
IX Semestre,IF5901-Física experimental,2023JMF997,Alta,No,,2023
IX Semestre,IF5901-Física experimental,2022NUL823,Alta,No,,2022
IX Semestre,IF5901-Física experimental,2022OCJ543,Alta,No,,2022
IX Semestre,IF5901-Física experimental,2024CEW028,Alta,No,,2024
IX Semestre,IF5901-Física experimental,2022YQK340,Alta,No,,2022
IX Semestre,IF5901-Física experimental,2022HVT937,Alta,No,,2022
IX Semestre,IF5901-Física experimental,2022UFU802,Alta,No,,2022
IX Semestre,IF5901-Física experimental,2020HBY580,Alta,No,,2020
IX Semestre,IF5902-Física contemporánea,2022KSM092,Alta,No,,2022
IX Semestre,IF5902-Física contemporánea,2024CKT471,Alta,No,,2024
IX Semestre,IF5902-Física contemporánea,2023PMQ357,Alta,No,,2023
IX Semestre,IF5902-Física contemporánea,2023CNK780,Alta,No,,2023
IX Semestre,IF5902-Física contemporánea,2023JMF997,Alta,No,,2023
IX Semestre,IF5902-Física contemporánea,2022NUL823,Alta,No,,2022
IX Semestre,IF5902-Física contemporánea,2022OCJ543,Alta,No,,2022
IX Semestre,IF5902-Física contemporánea,2021JIG868,Baja,No,,2021
IX Semestre,IF5902-Física contemporánea,2022YQK340,Alta,No,,2022
IX Semestre,IF5902-Física contemporánea,2022HVT937,Alta,No,,2022
IX Semestre,IF5902-Física contemporánea,2017QEK371,Alta,No,,2017
IX Semestre,IF5902-Física contemporánea,2020HBY580,Alta,No,,2020
IX Semestre,IF5902-Física contemporánea,2023HWH919,,No,Sí,2023
IX Semestre,IF5903-Metrología científica,2023PMQ357,Alta,No,,2023
IX Semestre,IF5903-Metrología científica,2021RYM569,Media,No,,2021
IX Semestre,IF5903-Metrología científica,2019GCE456,Alta,No,,2019
IX Semestre,IF5903-Metrología científica,2020XGU189,Alta,No,,2020
IX Semestre,IF5903-Metrología científica,2021JIG868,Baja,No,,2021
IX Semestre,IF5903-Metrología científica,2022HVT937,Alta,No,,2022
IX Semestre,IF5903-Metrología científica,2021BGK713,,No,Sí,2021
IX Semestre,IF5903-Metrología científica,2022OCJ543,,No,Sí,2022
IX Semestre,IF5904-Electiva II,2022KSM092,Alta,No,,2022
IX Semestre,IF5904-Electiva II,2023YIC977,Alta,No,,2023
IX Semestre,IF5904-Electiva II,2023AHO911,Baja,No,,2023
IX Semestre,IF5904-Electiva II,2023YYF968,Alta,No,,2023
IX Semestre,IF5904-Electiva II,2024CKT471,Alta,No,,2024
IX Semestre,IF5904-Electiva II,2023HWH919,Alta,No,,2023
IX Semestre,IF5904-Electiva II,2023PMQ357,Alta,No,,2023
IX Semestre,IF5904-Electiva II,2021RYM569,Alta,No,,2021
IX Semestre,IF5904-Electiva II,2022OCJ543,Alta,No,,2022
IX Semestre,IF5904-Electiva II,2022YQK340,Alta,No,,2022
IX Semestre,IF5904-Electiva II,2022HVT937,Alta,No,,2022
IX Semestre,IF5904-Electiva II,2024LTV287,Alta,No,,2024
IX Semestre,IF5904-Electiva II,2020HBY580,Alta,No,,2020
IX Semestre,IF5904-Electiva II,2023HWH919,,No,Sí,2023
IX Semestre,IF5905-Física de la materia condensada,2021LFH449,Alta,No,,2021
IX Semestre,IF5905-Física de la materia condensada,2022HVT937,Alta,No,,2022
IX Semestre,IF5905-Física de la materia condensada,2022OCJ543,,No,Sí,2022
IX Semestre,IF5906-Energía y sus transformaciones,2024IAJ257,Alta,No,,2024
IX Semestre,IF5906-Energía y sus transformaciones,2022KSM092,Alta,No,,2022
IX Semestre,IF5906-Energía y sus transformaciones,2023LGT158,Alta,No,,2023
IX Semestre,IF5906-Energía y sus transformaciones,2021BMZ365,Alta,No,,2021
IX Semestre,IF5906-Energía y sus transformaciones,2023AHO911,Media,No,,2023
IX Semestre,IF5906-Energía y sus transformaciones,2020LOO580,Alta,No,,2020
IX Semestre,IF5906-Energía y sus transformaciones,2023JMF997,Alta,No,,2023
IX Semestre,IF5906-Energía y sus transformaciones,2024CEW028,Media,No,,2024
IX Semestre,IF5906-Energía y sus transformaciones,2023KRR868,Media,No,,2023
IX Semestre,IF5906-Energía y sus transformaciones,2025MUG789,Alta,No,,2025
IX Semestre,IF5906-Energía y sus transformaciones,2022YQK340,Alta,No,,2022
IX Semestre,IF5906-Energía y sus transformaciones,2023EJO952,Alta,No,,2023
IX Semestre,IF5906-Energía y sus transformaciones,2023HCH884,Media,No,,2023
IX Semestre,IF5906-Energía y sus transformaciones,2020HBY580,Alta,No,,2020
X Semestre,AE4208-Desarrollo de emprendedores,2022LSV602,Baja,No,,2022
X Semestre,AE4208-Desarrollo de emprendedores,2021BMZ365,Baja,No,,2021
X Semestre,AE4208-Desarrollo de emprendedores,2020NKN815,Alta,No,,2020
X Semestre,AE4208-Desarrollo de emprendedores,2020IPK196,Alta,No,,2020
X Semestre,AE4208-Desarrollo de emprendedores,2020YAR409,Alta,No,,2020
X Semestre,AE4208-Desarrollo de emprendedores,2018TKG307,Alta,No,,2018
X Semestre,AE4208-Desarrollo de emprendedores,2023JMF997,Alta,No,,2023
X Semestre,AE4208-Desarrollo de emprendedores,2022NUL823,Alta,No,,2022
X Semestre,AE4208-Desarrollo de emprendedores,2022OCJ543,Alta,No,,2022
X Semestre,AE4208-Desarrollo de emprendedores,2022YQK340,Alta,No,,2022
X Semestre,AE4208-Desarrollo de emprendedores,2023EJO952,Alta,No,,2023
X Semestre,AE4208-Desarrollo de emprendedores,2022HVT937,Alta,No,,2022
X Semestre,AE4208-Desarrollo de emprendedores,2022JVP013,Alta,No,,2022
X Semestre,AE4208-Desarrollo de emprendedores,2023HCH884,Baja,No,,2023
X Semestre,AE5121-Ingeniería económica,2022LSV602,Baja,No,,2022
X Semestre,AE5121-Ingeniería económica,2022KSM092,Alta,No,,2022
X Semestre,AE5121-Ingeniería económica,2021BMZ365,Media,No,,2021
X Semestre,AE5121-Ingeniería económica,2023YYF968,Alta,No,,2023
X Semestre,AE5121-Ingeniería económica,2022ATW319,Alta,No,,2022
X Semestre,AE5121-Ingeniería económica,2022PQA946,Baja,No,,2022
X Semestre,AE5121-Ingeniería económica,2022KNP380,Alta,No,,2022
X Semestre,AE5121-Ingeniería económica,2023JMF997,Alta,No,,2023
X Semestre,AE5121-Ingeniería económica,2022OCJ543,Alta,No,,2022
X Semestre,AE5121-Ingeniería económica,2023HCH884,Baja,No,,2023
X Semestre,IF5108-Trabajo Final de Graduación,2022FQJ174,Alta,No,,2022
X Semestre,IF5108-Trabajo Final de Graduación,2020NKN815,Alta,No,,2020
X Semestre,IF5108-Trabajo Final de Graduación,2020IPK196,Alta,No,,2020
X Semestre,IF5108-Trabajo Final de Graduación,2020YAR409,Alta,No,,2020
X Semestre,IF5108-Trabajo Final de Graduación,2021UOK289,Alta,No,,2021
X Semestre,IF5108-Trabajo Final de Graduación,2023PMQ357,Alta,No,,2023
X Semestre,IF5108-Trabajo Final de Graduación,2022ATW319,Alta,No,,2022
X Semestre,IF5108-Trabajo Final de Graduación,2021PTP958,Alta,No,,2021
X Semestre,IF5108-Trabajo Final de Graduación,2022LKJ309,Alta,No,,2022
X Semestre,IF5108-Trabajo Final de Graduación,2021RYM569,Alta,No,,2021
X Semestre,IF5108-Trabajo Final de Graduación,2019GCE456,Alta,No,,2019
X Semestre,IF5108-Trabajo Final de Graduación,2020VFV245,Alta,No,,2020
X Semestre,IF5108-Trabajo Final de Graduación,2019WIW047,Alta,No,,2019
X Semestre,IF5108-Trabajo Final de Graduación,2020XGU189,Alta,No,,2020
X Semestre,IF5108-Trabajo Final de Graduación,2021IBT122,Alta,No,,2021
X Semestre,IF5108-Trabajo Final de Graduación,2022FER840,Alta,No,,2022
X Semestre,IF5108-Trabajo Final de Graduación,2022UMS655,Alta,No,,2022
X Semestre,IF5108-Trabajo Final de Graduación,2021FZM644,Alta,No,,2021
X Semestre,PI4802-Administración de proyectos,2022FQJ174,Alta,No,,2022
X Semestre,PI4802-Administración de proyectos,2021BMZ365,Baja,No,,2021
X Semestre,PI4802-Administración de proyectos,2021BGK713,Alta,No,,2021
X Semestre,PI4802-Administración de proyectos,2020IPK196,Alta,No,,2020
X Semestre,PI4802-Administración de proyectos,2021UOK289,Alta,No,,2021
X Semestre,PI4802-Administración de proyectos,2021LFH449,Alta,No,,2021
X Semestre,PI4802-Administración de proyectos,2023PMQ357,Alta,No,,2023
X Semestre,PI4802-Administración de proyectos,2022ATW319,Alta,No,,2022
X Semestre,PI4802-Administración de proyectos,2021PTP958,Alta,No,,2021
X Semestre,PI4802-Administración de proyectos,2018TKG307,Alta,No,,2018
X Semestre,PI4802-Administración de proyectos,2021RYM569,Alta,No,,2021
X Semestre,PI4802-Administración de proyectos,2022PQA946,Baja,No,,2022
X Semestre,PI4802-Administración de proyectos,2022KNP380,Alta,No,,2022
X Semestre,PI4802-Administración de proyectos,2019GCE456,Alta,No,,2019
X Semestre,PI4802-Administración de proyectos,2021PCL533,Alta,No,,2021
X Semestre,PI4802-Administración de proyectos,2020XGU189,Alta,No,,2020
X Semestre,PI4802-Administración de proyectos,2022FER840,Alta,No,,2022
X Semestre,PI4802-Administración de proyectos,2021IET276,Alta,No,,2021
X Semestre,PI4802-Administración de proyectos,2022XTZ298,Alta,No,,2022
X Semestre,PI4802-Administración de proyectos,2022YQK340,Alta,No,,2022
X Semestre,PI4802-Administración de proyectos,2022HVT937,Alta,No,,2022
X Semestre,PI4802-Administración de proyectos,2022JVP013,Alta,No,,2022
X Semestre,PI4802-Administración de proyectos,2021FZM644,Alta,No,,2021
X Semestre,PI4802-Administración de proyectos,2022OCJ543,,No,Sí,2022
